{
  "analysis_metadata": {
    "model_path": "confusion_resolved_model.keras",
    "analysis_timestamp": "2025-05-29T14:53:59.486482",
    "total_test_samples": 190,
    "model_type": "Working Model Analysis"
  },
  "overall_performance": {
    "accuracy": 0.9157894736842105,
    "confidence_stats": {
      "mean": 0.8177800178527832,
      "median": 0.9032397866249084,
      "min": 0.18871022760868073,
      "max": 0.9998290538787842,
      "std": 0.1949782818555832
    },
    "confidence_distribution": {
      "high": 124,
      "medium": 34,
      "low": 32
    }
  },
  "category_performance": {
    "shirts_blouses": {
      "samples": 15,
      "accuracy": 0.8666666666666667,
      "f1_score": 0.8125,
      "precision": 0.7647058823529411,
      "recall": 0.8666666666666667,
      "avg_confidence": 0.8143114447593689,
      "misclassifications": {
        "1": 2
      },
      "performance_level": "\ud83d\udfe1 GOOD"
    },
    "tshirts_tops": {
      "samples": 21,
      "accuracy": 0.9523809523809523,
      "f1_score": 0.909090909090909,
      "precision": 0.8695652173913043,
      "recall": 0.9523809523809523,
      "avg_confidence": 0.8709837794303894,
      "misclassifications": {
        "0": 1
      },
      "performance_level": "\ud83d\udfe2 EXCELLENT"
    },
    "dresses": {
      "samples": 15,
      "accuracy": 0.9333333333333333,
      "f1_score": 0.9655172413793104,
      "precision": 1.0,
      "recall": 0.9333333333333333,
      "avg_confidence": 0.8280937075614929,
      "misclassifications": {
        "1": 1
      },
      "performance_level": "\ud83d\udfe2 EXCELLENT"
    },
    "pants_jeans": {
      "samples": 18,
      "accuracy": 1.0,
      "f1_score": 1.0,
      "precision": 1.0,
      "recall": 1.0,
      "avg_confidence": 0.8504788875579834,
      "misclassifications": {},
      "performance_level": "\ud83d\udfe2 EXCELLENT"
    },
    "shorts": {
      "samples": 19,
      "accuracy": 0.9473684210526315,
      "f1_score": 0.9230769230769231,
      "precision": 0.9,
      "recall": 0.9473684210526315,
      "avg_confidence": 0.7688196301460266,
      "misclassifications": {
        "5": 1
      },
      "performance_level": "\ud83d\udfe2 EXCELLENT"
    },
    "skirts": {
      "samples": 14,
      "accuracy": 0.9285714285714286,
      "f1_score": 0.896551724137931,
      "precision": 0.8666666666666667,
      "recall": 0.9285714285714286,
      "avg_confidence": 0.8435298800468445,
      "misclassifications": {
        "10": 1
      },
      "performance_level": "\ud83d\udfe2 EXCELLENT"
    },
    "jackets_coats": {
      "samples": 18,
      "accuracy": 0.8888888888888888,
      "f1_score": 0.9142857142857143,
      "precision": 0.9411764705882353,
      "recall": 0.8888888888888888,
      "avg_confidence": 0.7840232253074646,
      "misclassifications": {
        "0": 1,
        "4": 1
      },
      "performance_level": "\ud83d\udfe2 EXCELLENT"
    },
    "sweaters": {
      "samples": 18,
      "accuracy": 0.8888888888888888,
      "f1_score": 0.9411764705882353,
      "precision": 1.0,
      "recall": 0.8888888888888888,
      "avg_confidence": 0.799697995185852,
      "misclassifications": {
        "10": 1,
        "0": 1
      },
      "performance_level": "\ud83d\udfe2 EXCELLENT"
    },
    "shoes_sneakers": {
      "samples": 16,
      "accuracy": 0.875,
      "f1_score": 0.9032258064516129,
      "precision": 0.9333333333333333,
      "recall": 0.875,
      "avg_confidence": 0.8569473624229431,
      "misclassifications": {
        "4": 1,
        "9": 1
      },
      "performance_level": "\ud83d\udfe2 EXCELLENT"
    },
    "shoes_formal": {
      "samples": 18,
      "accuracy": 0.8888888888888888,
      "f1_score": 0.9142857142857143,
      "precision": 0.9411764705882353,
      "recall": 0.8888888888888888,
      "avg_confidence": 0.8471188545227051,
      "misclassifications": {
        "5": 1,
        "8": 1
      },
      "performance_level": "\ud83d\udfe2 EXCELLENT"
    },
    "bags_accessories": {
      "samples": 18,
      "accuracy": 0.8888888888888888,
      "f1_score": 0.8888888888888888,
      "precision": 0.8888888888888888,
      "recall": 0.8888888888888888,
      "avg_confidence": 0.7366435527801514,
      "misclassifications": {
        "0": 1,
        "6": 1
      },
      "performance_level": "\ud83d\udfe2 EXCELLENT"
    }
  },
  "confusion_analysis": {
    "confusion_matrix": [
      [
        13,
        2,
        0,
        0,
        0,
        0,
        0,
        0,
        0,
        0,
        0
      ],
      [
        1,
        20,
        0,
        0,
        0,
        0,
        0,
        0,
        0,
        0,
        0
      ],
      [
        0,
        1,
        14,
        0,
        0,
        0,
        0,
        0,
        0,
        0,
        0
      ],
      [
        0,
        0,
        0,
        18,
        0,
        0,
        0,
        0,
        0,
        0,
        0
      ],
      [
        0,
        0,
        0,
        0,
        18,
        1,
        0,
        0,
        0,
        0,
        0
      ],
      [
        0,
        0,
        0,
        0,
        0,
        13,
        0,
        0,
        0,
        0,
        1
      ],
      [
        1,
        0,
        0,
        0,
        1,
        0,
        16,
        0,
        0,
        0,
        0
      ],
      [
        1,
        0,
        0,
        0,
        0,
        0,
        0,
        16,
        0,
        0,
        1
      ],
      [
        0,
        0,
        0,
        0,
        1,
        0,
        0,
        0,
        14,
        1,
        0
      ],
      [
        0,
        0,
        0,
        0,
        0,
        1,
        0,
        0,
        1,
        16,
        0
      ],
      [
        1,
        0,
        0,
        0,
        0,
        0,
        1,
        0,
        0,
        0,
        16
      ]
    ],
    "confusion_pairs": [
      {
        "true_class": "shirts_blouses",
        "predicted_class": "tshirts_tops",
        "count": 2,
        "percentage": 13.333333333333334
      },
      {
        "true_class": "tshirts_tops",
        "predicted_class": "shirts_blouses",
        "count": 1,
        "percentage": 4.761904761904762
      },
      {
        "true_class": "dresses",
        "predicted_class": "tshirts_tops",
        "count": 1,
        "percentage": 6.666666666666667
      },
      {
        "true_class": "shorts",
        "predicted_class": "skirts",
        "count": 1,
        "percentage": 5.263157894736842
      },
      {
        "true_class": "skirts",
        "predicted_class": "bags_accessories",
        "count": 1,
        "percentage": 7.142857142857142
      },
      {
        "true_class": "jackets_coats",
        "predicted_class": "shirts_blouses",
        "count": 1,
        "percentage": 5.555555555555555
      },
      {
        "true_class": "jackets_coats",
        "predicted_class": "shorts",
        "count": 1,
        "percentage": 5.555555555555555
      },
      {
        "true_class": "sweaters",
        "predicted_class": "shirts_blouses",
        "count": 1,
        "percentage": 5.555555555555555
      },
      {
        "true_class": "sweaters",
        "predicted_class": "bags_accessories",
        "count": 1,
        "percentage": 5.555555555555555
      },
      {
        "true_class": "shoes_sneakers",
        "predicted_class": "shorts",
        "count": 1,
        "percentage": 6.25
      },
      {
        "true_class": "shoes_sneakers",
        "predicted_class": "shoes_formal",
        "count": 1,
        "percentage": 6.25
      },
      {
        "true_class": "shoes_formal",
        "predicted_class": "skirts",
        "count": 1,
        "percentage": 5.555555555555555
      },
      {
        "true_class": "shoes_formal",
        "predicted_class": "shoes_sneakers",
        "count": 1,